{
  "controller/View1-dbg.controller.js": 1643247565831,
  "controller/BaseController.js": 1643195647104,
  "model/models.js": 1643116805835,
  "controller/View1.controller.js": 1643247565831,
  "manifest.json": 1643251105549,
  "controller/App.controller.js": 1643195573348,
  "Component.js": 1643116805831,
  "manifest-bundle.zip": 1643251105557,
  "Component-preload.js": 1643251105755,
  "controller/App-dbg.controller.js": 1643195573348,
  "i18n/i18n.properties": 1643116842796,
  "controller/BaseController-dbg.js": 1643195647104,
  "model/models-dbg.js": 1643116805835,
  "Component-dbg.js": 1643116805831,
  "view/View1.view.xml": 1643205636555,
  "view/App.view.xml": 1643196127371,
  "css/style.css": 1643116805831,
  "index.html": 1643116805835
}